"SNP","Chromosome","Position","P.value","maf","nobs","Rsquare.of.Model.without.SNP","Rsquare.of.Model.with.SNP","FDR_Adjusted_P.values","effect","percent_variation_explained","trait","loc","year"
"Chr05_426524999",5,426524999,1.17536813296827e-07,0.247594050743657,1143,0.171522888935497,0.192141756691147,0.000938648990988458,-0.0754366062002223,2.38868114955123,"yield_per_spike","STP","2017"
"Chr05_393541505",5,393541505,3.76167639355854e-06,0.220909886264217,1143,0.171522888935497,0.187188331783773,0.00890007270772316,-0.0733551975133508,0.159956867834863,"yield_per_spike","STP","2017"
"Chr09_450570468",9,450570468,4.45783756960839e-06,0.34251968503937,1143,0.171522888935497,0.186947691705175,0.00890007270772316,-0.0576672436652164,1.6127417188741,"yield_per_spike","STP","2017"
"Chr02_253721877",2,253721877,0.00024991556304381,0.020997375328084,1143,0.171522888935497,0.181315074478619,0.221758409607541,0.120918404751806,1.25429220918768,"yield_per_spike","STP","2017"
"Chr09_450570468",9,450570468,5.71110567676838e-06,0.34818339100346,1156,0.214019951363558,0.228158323053295,0.0115920842182709,-0.0423712838740897,2.60473196766546,"yield_per_spike","STP","2018"
"Chr02_253721877",2,253721877,2.14636559361168e-05,0.0207612456747405,1156,0.214019951363558,0.226408301196991,0.0214341434092046,0.104541628252616,0.944282740193361,"yield_per_spike","STP","2018"
"Chr05_426524999",5,426524999,1.37262162273988e-06,0.246333045729077,1159,0.0706190415140997,0.0895321019149166,0.0109672467656916,-0.0560072888755077,0.0209159392214703,"yield_per_spike","TLI","2017"
"Chr05_393541505",5,393541505,0.00018094584168639,0.219154443485764,1159,0.0706190415140997,0.0819439143765073,0.273813918889697,-0.0483650416548418,2.23672122306493,"yield_per_spike","TLI","2017"
