"SNP","Chromosome","Position","P.value","maf","nobs","Rsquare.of.Model.without.SNP","Rsquare.of.Model.with.SNP","FDR_Adjusted_P.values","effect","percent_variation_explained","trait","loc","year"
"Chr05_402137083",5,402137083,5.93658906064818e-05,0.0718038528896672,1142,0.219789040307915,0.230896951935017,0.118524000595841,-0.371805320522522,1.21944339858472,"florets_per_spikelet","STP","2017"
"Chr02_308320369",2,308320369,6.75498451739557e-05,0.175324675324675,1155,0.11266297002436,0.124961954044302,0.308017266092476,0.269158020111789,2.82504706023855,"florets_per_spikelet","STP","2018"
"Chr05_402137083",5,402137083,9.67803304596502e-05,0.0719827586206897,1160,0.225391620651249,0.235620807697219,0.232541268010774,-0.379431110365442,2.0792197869494,"florets_per_spikelet","TLI","2017"
"Chr02_308320369",2,308320369,0.000116416154198135,0.175,1160,0.225391620651249,0.23538465802384,0.232541268010774,0.352132075027114,2.73509289335044,"florets_per_spikelet","TLI","2017"
