"SNP","Chromosome","Position","P.value","maf","nobs","Rsquare.of.Model.without.SNP","Rsquare.of.Model.with.SNP","FDR_Adjusted_P.values","effect","percent_variation_explained","trait","loc","year"
"Chr05_393541505",5,393541505,6.51375909264511e-06,0.221103327495622,1142,0.260779837816364,0.274075703445096,0.0173396267046213,-0.81785585731086,2.48662223660969,"spikelets_per_spike","STP","2017"
"Chr05_426524999",5,426524999,3.40956500164097e-06,0.246120689655172,1160,0.288136156362631,0.301515210144707,0.00859524524532406,-0.865923613964299,0.0158500099597632,"spikelets_per_spike","TLI","2017"
"Chr05_393541505",5,393541505,0.000166558732155952,0.218965517241379,1160,0.288136156362631,0.296899894964173,0.132716778087851,-0.781322366522772,2.63104008839902,"spikelets_per_spike","TLI","2017"
"Chr05_426524999",5,426524999,0.000127599816095082,0.247395833333333,1152,0.334056190402313,0.342606090614498,0.254880632649927,-0.624313516018958,1.83012870577276,"spikelets_per_spike","TLI","2018"
