"SNP","Chromosome","Position","P.value","maf","nobs","Rsquare.of.Model.without.SNP","Rsquare.of.Model.with.SNP","FDR_Adjusted_P.values","effect","percent_variation_explained","trait","loc","year"
"Chr05_426524999",5,426524999,0.000133012343764115,0.247810858143608,1142,0.12299443702043,0.134292488160508,0.319992633643883,-0.220340175229033,1.98932168911203,"seeds_per_spike","STP","2017"
"Chr05_426524999",5,426524999,0.000116089632948742,0.24929178470255,1059,0.128178129977312,0.140511496628706,0.154612042815567,-0.0447326309150164,3.00615382206188,"seeds_per_spike","TLI","2018"
