"SNP","Chromosome","Position","P.value","maf","nobs","Rsquare.of.Model.without.SNP","Rsquare.of.Model.with.SNP","FDR_Adjusted_P.values","effect","percent_variation_explained","trait","loc","year"
"Chr15_212606143",15,212606143,0.000137391127247748,0.0245183887915937,1142,0.0829892518513849,0.0947529684315531,0.156743648885788,-6.27133934064216,0.264182066579556,"floret_site_utilization","STP","2017"
"Chr15_212606143",15,212606143,9.25155405406163e-05,0.0241587575496117,1159,0.123492286488289,0.135142491966817,0.0321390943008489,-6.78213428304008,1.2868294292432,"floret_site_utilization","TLI","2017"
